oid,content_id,payment_code,name,pay,payment_type,user_name,phone_number,status,created_at,completed_at
AI20250101120000_1704067200000,,1000,그림자 프로파일링 : 재회 솔루션(THE SHADOW PROFILING),22000,card,김철수,010-1234-5678,success,2025-01-01T12:00:00+09:00,2025-01-01T12:01:30+09:00
AI20250101140000_1704074400000,,1000,그림자 프로파일링 : 재회 솔루션(THE SHADOW PROFILING),22000,mobile,이영희,010-2345-6789,success,2025-01-01T14:00:00+09:00,2025-01-01T14:02:15+09:00
AI20250102100000_1704157200000,,1000,그림자 프로파일링 : 재회 솔루션(THE SHADOW PROFILING),22000,card,박민수,010-3456-7890,success,2025-01-02T10:00:00+09:00,2025-01-02T10:01:45+09:00
AI20250102150000_1704175200000,,1000,그림자 프로파일링 : 재회 솔루션(THE SHADOW PROFILING),22000,mobile,최지영,010-4567-8901,success,2025-01-02T15:00:00+09:00,2025-01-02T15:02:20+09:00
AI20250103110000_1704244800000,,1000,그림자 프로파일링 : 재회 솔루션(THE SHADOW PROFILING),22000,card,정수진,010-5678-9012,success,2025-01-03T11:00:00+09:00,2025-01-03T11:01:50+09:00
AI20250103180000_1704271200000,,1000,그림자 프로파일링 : 재회 솔루션(THE SHADOW PROFILING),22000,mobile,한소희,010-6789-0123,success,2025-01-03T18:00:00+09:00,2025-01-03T18:02:10+09:00
AI20250104140000_1704336000000,,1000,그림자 프로파일링 : 재회 솔루션(THE SHADOW PROFILING),22000,card,윤미래,010-7890-1234,success,2025-01-04T14:00:00+09:00,2025-01-04T14:01:35+09:00
AI20250105120000_1704422400000,,1000,그림자 프로파일링 : 재회 솔루션(THE SHADOW PROFILING),22000,mobile,강동원,010-8901-2345,success,2025-01-05T12:00:00+09:00,2025-01-05T12:02:25+09:00
AI20250106160000_1704510000000,,1000,그림자 프로파일링 : 재회 솔루션(THE SHADOW PROFILING),22000,card,임수정,010-9012-3456,success,2025-01-06T16:00:00+09:00,2025-01-06T16:01:40+09:00
AI20250107100000_1704592800000,,1000,그림자 프로파일링 : 재회 솔루션(THE SHADOW PROFILING),22000,mobile,오지은,010-0123-4567,success,2025-01-07T10:00:00+09:00,2025-01-07T10:02:15+09:00
AI20250108130000_1704680400000,,1000,그림자 프로파일링 : 재회 솔루션(THE SHADOW PROFILING),22000,card,송혜교,010-1234-5678,success,2025-01-08T13:00:00+09:00,2025-01-08T13:01:55+09:00
AI20250109150000_1704769200000,,1000,그림자 프로파일링 : 재회 솔루션(THE SHADOW PROFILING),22000,mobile,전지현,010-2345-6789,success,2025-01-09T15:00:00+09:00,2025-01-09T15:02:30+09:00
AI20250110110000_1704855600000,,1000,그림자 프로파일링 : 재회 솔루션(THE SHADOW PROFILING),22000,card,김태희,010-3456-7890,success,2025-01-10T11:00:00+09:00,2025-01-10T11:01:45+09:00
AI20250111170000_1704945000000,,1000,그림자 프로파일링 : 재회 솔루션(THE SHADOW PROFILING),22000,mobile,이병헌,010-4567-8901,success,2025-01-11T17:00:00+09:00,2025-01-11T17:02:20+09:00
AI20250112140000_1705033200000,,1000,그림자 프로파일링 : 재회 솔루션(THE SHADOW PROFILING),22000,card,손예진,010-5678-9012,success,2025-01-12T14:00:00+09:00,2025-01-12T14:01:50+09:00
AI20250113090000_1705119000000,,1000,그림자 프로파일링 : 재회 솔루션(THE SHADOW PROFILING),22000,mobile,공유,010-6789-0123,success,2025-01-13T09:00:00+09:00,2025-01-13T09:02:10+09:00
AI20250114120000_1705204800000,,1000,그림자 프로파일링 : 재회 솔루션(THE SHADOW PROFILING),22000,card,한지민,010-7890-1234,success,2025-01-14T12:00:00+09:00,2025-01-14T12:01:35+09:00
AI20250115160000_1705292400000,,1000,그림자 프로파일링 : 재회 솔루션(THE SHADOW PROFILING),22000,mobile,조인성,010-8901-2345,success,2025-01-15T16:00:00+09:00,2025-01-15T16:02:25+09:00
AI20250116100000_1705378800000,,1000,그림자 프로파일링 : 재회 솔루션(THE SHADOW PROFILING),22000,card,김하늘,010-9012-3456,success,2025-01-16T10:00:00+09:00,2025-01-16T10:01:40+09:00
AI20250117130000_1705465800000,,1000,그림자 프로파일링 : 재회 솔루션(THE SHADOW PROFILING),22000,mobile,이민호,010-0123-4567,success,2025-01-17T13:00:00+09:00,2025-01-17T13:02:15+09:00
AI20250118150000_1705554000000,,1000,그림자 프로파일링 : 재회 솔루션(THE SHADOW PROFILING),22000,card,수지,010-1234-5678,success,2025-01-18T15:00:00+09:00,2025-01-18T15:01:55+09:00
AI20250119110000_1705640400000,,1000,그림자 프로파일링 : 재회 솔루션(THE SHADOW PROFILING),22000,mobile,박보검,010-2345-6789,success,2025-01-19T11:00:00+09:00,2025-01-19T11:02:30+09:00
AI20250120140000_1705726800000,,1000,그림자 프로파일링 : 재회 솔루션(THE SHADOW PROFILING),22000,card,아이유,010-3456-7890,success,2025-01-20T14:00:00+09:00,2025-01-20T14:01:45+09:00
AI20250121100000_1705813200000,,1000,그림자 프로파일링 : 재회 솔루션(THE SHADOW PROFILING),22000,mobile,현빈,010-4567-8901,success,2025-01-21T10:00:00+09:00,2025-01-21T10:02:20+09:00
AI20250122160000_1705900800000,,1000,그림자 프로파일링 : 재회 솔루션(THE SHADOW PROFILING),22000,card,김수현,010-5678-9012,success,2025-01-22T16:00:00+09:00,2025-01-22T16:01:50+09:00
AI20250123120000_1705987200000,,1000,그림자 프로파일링 : 재회 솔루션(THE SHADOW PROFILING),22000,mobile,전여빈,010-6789-0123,success,2025-01-23T12:00:00+09:00,2025-01-23T12:02:10+09:00
AI20250124150000_1706074800000,,1000,그림자 프로파일링 : 재회 솔루션(THE SHADOW PROFILING),22000,card,이동휘,010-7890-1234,success,2025-01-24T15:00:00+09:00,2025-01-24T15:01:35+09:00
AI20250125110000_1706161200000,,1000,그림자 프로파일링 : 재회 솔루션(THE SHADOW PROFILING),22000,mobile,김고은,010-8901-2345,success,2025-01-25T11:00:00+09:00,2025-01-25T11:02:25+09:00
AI20250126130000_1706248800000,,1000,그림자 프로파일링 : 재회 솔루션(THE SHADOW PROFILING),22000,card,유아인,010-9012-3456,success,2025-01-26T13:00:00+09:00,2025-01-26T13:01:40+09:00
AI20250127100000_1706335200000,,1000,그림자 프로파일링 : 재회 솔루션(THE SHADOW PROFILING),22000,mobile,박신혜,010-0123-4567,success,2025-01-27T10:00:00+09:00,2025-01-27T10:02:15+09:00
AI20250128140000_1706422800000,,1000,그림자 프로파일링 : 재회 솔루션(THE SHADOW PROFILING),22000,card,이종석,010-1234-5678,success,2025-01-28T14:00:00+09:00,2025-01-28T14:01:55+09:00
AI20250129160000_1706510400000,,1000,그림자 프로파일링 : 재회 솔루션(THE SHADOW PROFILING),22000,mobile,김다미,010-2345-6789,success,2025-01-29T16:00:00+09:00,2025-01-29T16:02:30+09:00
AI20250130120000_1706596800000,,1000,그림자 프로파일링 : 재회 솔루션(THE SHADOW PROFILING),22000,card,정유미,010-3456-7890,success,2025-01-30T12:00:00+09:00,2025-01-30T12:01:45+09:00
AI20250131100000_1706684400000,,1000,그림자 프로파일링 : 재회 솔루션(THE SHADOW PROFILING),22000,mobile,남주혁,010-4567-8901,success,2025-01-31T10:00:00+09:00,2025-01-31T10:02:20+09:00
AI20241201150000_1701417600000,,1000,그림자 프로파일링 : 재회 솔루션(THE SHADOW PROFILING),22000,card,김민정,010-5678-9012,success,2024-12-01T15:00:00+09:00,2024-12-01T15:01:50+09:00
AI20241205120000_1701756000000,,1000,그림자 프로파일링 : 재회 솔루션(THE SHADOW PROFILING),22000,mobile,이서진,010-6789-0123,success,2024-12-05T12:00:00+09:00,2024-12-05T12:02:10+09:00
AI20241210140000_1702188000000,,1000,그림자 프로파일링 : 재회 솔루션(THE SHADOW PROFILING),22000,card,박해수,010-7890-1234,success,2024-12-10T14:00:00+09:00,2024-12-10T14:01:35+09:00
AI20241215110000_1702612800000,,1000,그림자 프로파일링 : 재회 솔루션(THE SHADOW PROFILING),22000,mobile,최우식,010-8901-2345,success,2024-12-15T11:00:00+09:00,2024-12-15T11:02:25+09:00
AI20241220160000_1703038800000,,1000,그림자 프로파일링 : 재회 솔루션(THE SHADOW PROFILING),22000,card,김태리,010-9012-3456,success,2024-12-20T16:00:00+09:00,2024-12-20T16:01:40+09:00
AI20241225130000_1703464800000,,1000,그림자 프로파일링 : 재회 솔루션(THE SHADOW PROFILING),22000,mobile,류준열,010-0123-4567,success,2024-12-25T13:00:00+09:00,2024-12-25T13:02:15+09:00
AI20241101100000_1698804000000,,1000,그림자 프로파일링 : 재회 솔루션(THE SHADOW PROFILING),22000,card,이동건,010-1234-5678,success,2024-11-01T10:00:00+09:00,2024-11-01T10:01:55+09:00
AI20241110150000_1699603200000,,1000,그림자 프로파일링 : 재회 솔루션(THE SHADOW PROFILING),22000,mobile,한효주,010-2345-6789,success,2024-11-10T15:00:00+09:00,2024-11-10T15:02:30+09:00
AI20241120120000_1700376000000,,1000,그림자 프로파일링 : 재회 솔루션(THE SHADOW PROFILING),22000,card,조정석,010-3456-7890,success,2024-11-20T12:00:00+09:00,2024-11-20T12:01:45+09:00
AI20241001140000_1696140000000,,1000,그림자 프로파일링 : 재회 솔루션(THE SHADOW PROFILING),22000,mobile,김혜수,010-4567-8901,success,2024-10-01T14:00:00+09:00,2024-10-01T14:02:20+09:00
AI20241015110000_1697332800000,,1000,그림자 프로파일링 : 재회 솔루션(THE SHADOW PROFILING),22000,card,이정재,010-5678-9012,success,2024-10-15T11:00:00+09:00,2024-10-15T11:01:50+09:00
AI20241025160000_1698220800000,,1000,그림자 프로파일링 : 재회 솔루션(THE SHADOW PROFILING),22000,mobile,전도연,010-6789-0123,success,2024-10-25T16:00:00+09:00,2024-10-25T16:02:10+09:00
AI20240901130000_1693536000000,,1000,그림자 프로파일링 : 재회 솔루션(THE SHADOW PROFILING),22000,card,황정민,010-7890-1234,success,2024-09-01T13:00:00+09:00,2024-09-01T13:01:35+09:00
AI20240910100000_1694323200000,,1000,그림자 프로파일링 : 재회 솔루션(THE SHADOW PROFILING),22000,mobile,하정우,010-8901-2345,success,2024-09-10T10:00:00+09:00,2024-09-10T10:02:25+09:00
AI20240920150000_1695201600000,,1000,그림자 프로파일링 : 재회 솔루션(THE SHADOW PROFILING),22000,card,송강호,010-9012-3456,success,2024-09-20T15:00:00+09:00,2024-09-20T15:01:40+09:00
AI20240801120000_1690852800000,,1000,그림자 프로파일링 : 재회 솔루션(THE SHADOW PROFILING),22000,mobile,최민식,010-0123-4567,success,2024-08-01T12:00:00+09:00,2024-08-01T12:02:15+09:00
AI20240815140000_1692072000000,,1000,그림자 프로파일링 : 재회 솔루션(THE SHADOW PROFILING),22000,card,이병헌,010-1234-5678,success,2024-08-15T14:00:00+09:00,2024-08-15T14:01:55+09:00
AI20240825100000_1692940800000,,1000,그림자 프로파일링 : 재회 솔루션(THE SHADOW PROFILING),22000,mobile,김혜자,010-2345-6789,success,2024-08-25T10:00:00+09:00,2024-08-25T10:02:30+09:00
AI20240701160000_1688198400000,,1000,그림자 프로파일링 : 재회 솔루션(THE SHADOW PROFILING),22000,card,안성기,010-3456-7890,success,2024-07-01T16:00:00+09:00,2024-07-01T16:01:45+09:00
AI20240715130000_1689417600000,,1000,그림자 프로파일링 : 재회 솔루션(THE SHADOW PROFILING),22000,mobile,문소리,010-4567-8901,success,2024-07-15T13:00:00+09:00,2024-07-15T13:02:20+09:00
AI20240725110000_1690286400000,,1000,그림자 프로파일링 : 재회 솔루션(THE SHADOW PROFILING),22000,card,박해일,010-5678-9012,success,2024-07-25T11:00:00+09:00,2024-07-25T11:01:50+09:00
AI20240601150000_1685606400000,,1000,그림자 프로파일링 : 재회 솔루션(THE SHADOW PROFILING),22000,mobile,김윤석,010-6789-0123,success,2024-06-01T15:00:00+09:00,2024-06-01T15:02:10+09:00
AI20240615120000_1686825600000,,1000,그림자 프로파일링 : 재회 솔루션(THE SHADOW PROFILING),22000,card,이선균,010-7890-1234,success,2024-06-15T12:00:00+09:00,2024-06-15T12:01:35+09:00
AI20240625140000_1687694400000,,1000,그림자 프로파일링 : 재회솔루션(THE SHADOW PROFILING),22000,mobile,정진영,010-8901-2345,success,2024-06-25T14:00:00+09:00,2024-06-25T14:02:25+09:00
AI20240501100000_1682928000000,,1000,그림자 프로파일링 : 재회 솔루션(THE SHADOW PROFILING),22000,card,유해진,010-9012-3456,success,2024-05-01T10:00:00+09:00,2024-05-01T10:01:40+09:00
AI20240515160000_1684147200000,,1000,그림자 프로파일링 : 재회 솔루션(THE SHADOW PROFILING),22000,mobile,오달수,010-0123-4567,success,2024-05-15T16:00:00+09:00,2024-05-15T16:02:15+09:00
AI20240525130000_1685016000000,,1000,그림자 프로파일링 : 재회 솔루션(THE SHADOW PROFILING),22000,card,김의성,010-1234-5678,success,2024-05-25T13:00:00+09:00,2024-05-25T13:01:55+09:00
AI20240401120000_1680336000000,,1000,그림자 프로파일링 : 재회 솔루션(THE SHADOW PROFILING),22000,mobile,이성민,010-2345-6789,success,2024-04-01T12:00:00+09:00,2024-04-01T12:02:30+09:00
AI20240415100000_1681555200000,,1000,그림자 프로파일링 : 재회 솔루션(THE SHADOW PROFILING),22000,card,김상호,010-3456-7890,success,2024-04-15T10:00:00+09:00,2024-04-15T10:01:45+09:00
AI20240425150000_1682424000000,,1000,그림자 프로파일링 : 재회 솔루션(THE SHADOW PROFILING),22000,mobile,이동휘,010-4567-8901,success,2024-04-25T15:00:00+09:00,2024-04-25T15:02:20+09:00
AI20240301140000_1677657600000,,1000,그림자 프로파일링 : 재회 솔루션(THE SHADOW PROFILING),22000,card,김종수,010-5678-9012,success,2024-03-01T14:00:00+09:00,2024-03-01T14:01:50+09:00
AI20240315110000_1678876800000,,1000,그림자 프로파일링 : 재회 솔루션(THE SHADOW PROFILING),22000,mobile,이상엽,010-6789-0123,success,2024-03-15T11:00:00+09:00,2024-03-15T11:02:10+09:00
AI20240325160000_1679745600000,,1000,그림자 프로파일링 : 재회 솔루션(THE SHADOW PROFILING),22000,card,박성웅,010-7890-1234,success,2024-03-25T16:00:00+09:00,2024-03-25T16:01:35+09:00
AI20240201130000_1675152000000,,1000,그림자 프로파일링 : 재회 솔루션(THE SHADOW PROFILING),22000,mobile,김성균,010-8901-2345,success,2024-02-01T13:00:00+09:00,2024-02-01T13:02:25+09:00
AI20240215100000_1676371200000,,1000,그림자 프로파일링 : 재회 솔루션(THE SHADOW PROFILING),22000,card,이동훈,010-9012-3456,success,2024-02-15T10:00:00+09:00,2024-02-15T10:01:40+09:00
AI20240225150000_1677240000000,,1000,그림자 프로파일링 : 재회 솔루션(THE SHADOW PROFILING),22000,mobile,최대훈,010-0123-4567,success,2024-02-25T15:00:00+09:00,2024-02-25T15:02:15+09:00
AI20240101120000_1672531200000,,1000,그림자 프로파일링 : 재회 솔루션(THE SHADOW PROFILING),22000,card,김영철,010-1234-5678,success,2024-01-01T12:00:00+09:00,2024-01-01T12:01:55+09:00
AI20240115140000_1673750400000,,1000,그림자 프로파일링 : 재회 솔루션(THE SHADOW PROFILING),22000,mobile,이수진,010-2345-6789,success,2024-01-15T14:00:00+09:00,2024-01-15T14:02:30+09:00
AI20240125100000_1674619200000,,1000,그림자 프로파일링 : 재회 솔루션(THE SHADOW PROFILING),22000,card,박민영,010-3456-7890,success,2024-01-25T10:00:00+09:00,2024-01-25T10:01:45+09:00
